aminoacid,single_letter_code,three_letter_code,polarity
alanine,A,Ala,nonpolar
arginine,R,Arg,polar
asparagine,N,Asn,polar
aspartate,D,Asp,polar
cysteine,C,Cys,polar
glycine,G,Gly,nonpolar
glutamine,Q,Gln,polar
glutamate,E,Glu,polar
histidine,H,His,polar
isoleucine,I,Ile,nonpolar
leucine,L,Leu,nonpolar
lysine,K,Lys,polar
methionine,M,Met,nonpolar
phenylalanine,F,Phe,nonpolar
proline,P,Pro,nonpolar
serine,S,Ser,polar
threonine,T,Thr,polar
tryptophan,W,Trp,nonpolar
tyrosine,Y,Tyr,polar
valine,V,Val,nonpolar
